id,full_name
1,Sadie Gusikowski II
2,Americo Stanton
3,Simone Herman
4,Kirstin Littel
5,Ernie Russel Sr.
6,Maybelle Paucek
7,Alayna Moen
8,Erick Jaskolski
9,Miss Kristy McDermott
10,Mrs. Lew Schinner
11,Lamont Greenfelder
12,Ms. Cecile Prosacco
13,Wilfred Bailey IV
14,Manley Huels
15,Lora Sanford
16,Raleigh Strosin
17,Dr. Jeanie Baumbach
18,Gianni DuBuque
19,Violette Beahan
20,Mr. Aylin Grimes
21,Kathleen Bahringer
22,Cecelia Bernhard II
23,Karina Rice
24,Arjun Hermiston MD
25,Jarrod Tillman
26,Nicole Reichert
27,Desmond Goyette
28,Dallas Rohan
29,Layne Mosciski
30,Antwon Schuppe PhD
31,Sigrid Hegmann
32,Payton Wehner
33,Adela Tremblay
34,Melany Lemke PhD
35,Jena Hegmann
36,Abigayle Durgan
37,Tevin Shanahan
38,Miss Henri Kuhic
39,Kelvin Gutmann
40,Tre Maggio
